{
  "$schema": "https://developer.microsoft.com/en-us/json-schemas/teams/v1.5/MicrosoftTeams.schema.json",
  "manifestVersion": "1.5",
  "version": "1.0.0",
  "id": "165dc594-e36a-488f-a8ba-20fcebacad86",
  "packageName": "com.microsoft.teams.faqplus.experts",
  "developer": {
    "name": "<<companyName>>",
    "websiteUrl": "<<websiteUrl>>",
    "privacyUrl": "<<privacyUrl>>",
    "termsOfUseUrl": "<<termsOfUseUrl>>"
  },
  "icons": {
    "color": "color.png",
    "outline": "outline.png"
  },
  "name": {
    "short": "FAQ Plus [V2] (Experts Team)"
  },
  "description": {
    "short": "A friendly FAQ bot that answers questions and connects you to experts.",
    "full": "A friendly question and answer bot that answers commonly asked questions. If it can't answer, it will put you in touch with an expert as soon as they are available."
  },
  "accentColor": "#64A2CC",
  "bots": [
    {
      "botId": "<<botId>>",
      "scopes": [
        "personal",
        "team"
      ],
      "commandLists": [
        {
          "scopes": [
            "personal"
          ],
          "commands": [
            {
              "title": "Take a tour",
              "description": "Tour of key features"
            },
            {
              "title": "Ask an expert",
              "description": "Connect with an expert"
            },
            {
              "title": "Share feedback",
              "description": "Send feedback"
            }
          ]
        }
      ],
      "supportsFiles": false,
      "isNotificationOnly": false
    }
  ],
  "staticTabs": [
    {
      "entityId": "help",
      "name": "Help",
      "contentUrl": "https://<<appDomain>>/help?theme={theme}",
      "scopes": [
        "personal"
      ]
    }
  ],
  "composeExtensions": [
    {
      "botId": "<<botId>>",
      "canUpdateConfiguration": false,
      "commands": [
        {
          "id": "recents",
          "type": "query",
          "title": "Recent",
          "description": "Search recent requests",
          "parameters": [
            {
              "name": "searchText",
              "title": "Search",
              "description": "Search tickets"
            }
          ],
          "context": [
            "compose"
          ],
          "initialRun": true
        },
        {
          "id": "openrequests",
          "type": "query",
          "title": "Unassigned",
          "description": "Search unassigned requests not yet assigned to an expert",
          "parameters": [
            {
              "name": "searchText",
              "title": "Search",
              "description": "Search tickets"
            }
          ],
          "context": [
            "compose"
          ],
          "initialRun": true
        },
        {
          "id": "assignedrequests",
          "type": "query",
          "title": "Assigned",
          "description": "Search requests assigned to an expert",
          "parameters": [
            {
              "name": "searchText",
              "title": "Search",
              "description": "Search tickets"
            }
          ],
          "context": [
            "compose"
          ],
          "initialRun": true
        },
        {
          "id": "kbquestions",
          "type": "query",
          "title": "Knowledge base",
          "description": "Search recent requests",
          "parameters": [
            {
              "name": "searchText",
              "title": "Search",
              "description": "Search KB QnA pairs"
            }
          ],
          "context": [
            "compose"
          ],
          "initialRun": true
        },
        {
          "id": "addquestion",
          "type": "action",
          "title": "Add new question",
          "description": "Add a new qna pair",
          "initialRun": true,
          "fetchTask": true,
          "context": [
            "compose",
            "message"
          ],
          "parameters": [
            {
              "name": "addquestion",
              "title": "Add a question",
              "description": "Add a new qna pair"
            }
          ]
        }
      ]
    }
  ],
  "permissions": [
    "identity",
    "messageTeamMembers"
  ],
  "validDomains": [
    "<<appDomain>>"
  ]
}